{
  "cols": 13,
  "data_max": [
    5254.37890625,
    3077.9377441406,
    60.860008239746,
    34639.80859375,
    9160.2236328125,
    -58.370197296143,
    25.922822952271,
    5612.5224609375,
    1.0018267631531,
    0.31908512115479,
    2.0878810882568,
    8659.828125,
    1.0
  ],
  "data_min": [
    28.91276550293,
    28.750062942505,
    -1.117178440094,
    1.5983548164368,
    41.876022338867,
    -123.81751251221,
    12.339514732361,
    87.109100341797,
    -0.030231544747949,
    -11.315167427063,
    -1.3278311598697e-05,
    27.861461639404,
    0.0
  ],
  "max": 1.0,
  "min": 0.0
}
