{
  "cols": 3,
  "data_max": [
    4997.3021201931,
    2437.9278588339,
    19.995565957965
  ],
  "data_min": [
    27.676692112392,
    20.00145505404,
    0.00077093598126306
  ],
  "max": 1.0,
  "min": 0.0
}
